year,month,day,rainfall
2008,Jul,1,5.8
2008,Aug,1,10.6
2008,Sep,1,0.2
2008,Oct,1,3
2008,Nov,1,26.4
2008,Dec,1,0
2008,Jul,2,0
2008,Aug,2,1.6
2008,Sep,2,0
2008,Oct,2,10
2008,Nov,2,0
2008,Dec,2,0
2008,Jul,3,12.2
2008,Aug,3,2.2
2008,Sep,3,0
2008,Oct,3,0
2008,Nov,3,0
2008,Dec,3,18.8
2008,Jul,4,39
2008,Aug,4,7.4
2008,Sep,4,0
2008,Oct,4,0
2008,Nov,4,0.6
2008,Dec,4,0
2008,Jul,5,61
2008,Aug,5,25.6
2008,Sep,5,0
2008,Oct,5,138
2008,Nov,5,0.2
2008,Dec,5,0.8
2008,Jul,6,12.8
2008,Aug,6,14
2008,Sep,6,0.8
2008,Oct,6,1.8
2008,Nov,6,12
2008,Dec,6,0.6
2008,Jul,7,4.8
2008,Aug,7,13.8
2008,Sep,7,7
2008,Oct,7,0.6
2008,Nov,7,8.6
2008,Dec,7,10
2008,Jul,8,14.7
2008,Aug,8,3
2008,Sep,8,2.4
2008,Oct,8,12.6
2008,Nov,8,1.2
2008,Dec,8,1.6
2008,Jul,9,0.8
2008,Aug,9,3.8
2008,Sep,9,0.2
2008,Oct,9,48
2008,Nov,9,46
2008,Dec,9,22.6
2008,Jul,10,0
2008,Aug,10,7.4
2008,Sep,10,0
2008,Oct,10,0
2008,Nov,10,2
2008,Dec,10,0.2
2008,Jul,11,0
2008,Aug,11,23.4
2008,Sep,11,0
2008,Oct,11,0
2008,Nov,11,1.4
2008,Dec,11,0
2008,Jul,12,0
2008,Aug,12,80.6
2008,Sep,12,19.6
2008,Oct,12,12.2
2008,Nov,12,12.4
2008,Dec,12,0
2008,Jul,13,9.2
2008,Aug,13,1.4
2008,Sep,13,0.2
2008,Oct,13,9.8
2008,Nov,13,99.2
2008,Dec,13,36.8
2008,Jul,14,2
2008,Aug,14,0
2008,Sep,14,4.6
2008,Oct,14,35.8
2008,Nov,14,8
2008,Dec,14,0
2008,Jul,15,15.2
2008,Aug,15,5.4
2008,Sep,15,0.2
2008,Oct,15,70.2
2008,Nov,15,1.6
2008,Dec,15,0
2008,Jul,16,0
2008,Aug,16,22.4
2008,Sep,16,0.1
2008,Oct,16,1
2008,Nov,16,7.2
2008,Dec,16,0
2008,Jul,17,1.6
2008,Aug,17,2.4
2008,Sep,17,3.2
2008,Oct,17,16.4
2008,Nov,17,16.8
2008,Dec,17,1
2008,Jul,18,1.6
2008,Aug,18,0.6
2008,Sep,18,14.4
2008,Oct,18,1.6
2008,Nov,18,11.2
2008,Dec,18,8
2008,Jul,19,7.6
2008,Aug,19,12.2
2008,Sep,19,0.4
2008,Oct,19,98
2008,Nov,19,13.2
2008,Dec,19,0
2008,Jul,20,27.8
2008,Aug,20,26.4
2008,Sep,20,0.2
2008,Oct,20,1.8
2008,Nov,20,16
2008,Dec,20,0
2008,Jul,21,0.8
2008,Aug,21,2.2
2008,Sep,21,7.4
2008,Oct,21,18.4
2008,Nov,21,26.8
2008,Dec,21,21.4
2008,Jul,22,0.2
2008,Aug,22,19.6
2008,Sep,22,4.2
2008,Oct,22,9.6
2008,Nov,22,23
2008,Dec,22,6
2008,Jul,23,0
2008,Aug,23,0.2
2008,Sep,23,18.2
2008,Oct,23,0.2
2008,Nov,23,12
2008,Dec,23,50
2008,Jul,24,16.4
2008,Aug,24,15.6
2008,Sep,24,41
2008,Oct,24,11.2
2008,Nov,24,28.8
2008,Dec,24,33
2008,Jul,25,1.6
2008,Aug,25,0.4
2008,Sep,25,49.6
2008,Oct,25,1.6
2008,Nov,25,22.2
2008,Dec,25,0
2008,Jul,26,16
2008,Aug,26,4.8
2008,Sep,26,38.4
2008,Oct,26,0
2008,Nov,26,2
2008,Dec,26,0
2008,Jul,27,18.8
2008,Aug,27,1.6
2008,Sep,27,0.2
2008,Oct,27,0
2008,Nov,27,40
2008,Dec,27,24.4
2008,Jul,28,9
2008,Aug,28,0
2008,Sep,28,3.6
2008,Oct,28,0
2008,Nov,28,0.8
2008,Dec,28,0
2008,Jul,29,1.4
2008,Aug,29,0.6
2008,Sep,29,1
2008,Oct,29,9.6
2008,Nov,29,3.2
2008,Dec,29,0
2008,Jul,30,20.6
2008,Aug,30,9.8
2008,Sep,30,4.2
2008,Oct,30,28.6
2008,Nov,30,0.6
2008,Dec,30,0
2008,Jul,31,108.4
2008,Aug,31,4.2
2008,Oct,31,19.4
2008,Dec,31,0
2009,Jan,1,0
2009,Feb,1,21
2009,Mar,1,9.8
2009,Apr,1,0
2009,May,1,29.6
2009,Jun,1,8.4
2009,Jul,1,14.6
2009,Aug,1,8
2009,Sep,1,0
2009,Oct,1,0
2009,Nov,1,12
2009,Dec,1,0.2
2009,Jan,2,0
2009,Feb,2,32.8
2009,Mar,2,2
2009,Apr,2,7.4
2009,May,2,33
2009,Jun,2,27.6
2009,Jul,2,7.8
2009,Aug,2,15
2009,Sep,2,0
2009,Oct,2,0
2009,Nov,2,35.8
2009,Dec,2,12.6
2009,Jan,3,6
2009,Feb,3,46.4
2009,Mar,3,0
2009,Apr,3,0.2
2009,May,3,10
2009,Jun,3,86
2009,Jul,3,2.4
2009,Aug,3,10
2009,Sep,3,0
2009,Oct,3,0
2009,Nov,3,3.8
2009,Dec,3,0.2
2009,Jan,4,35
2009,Feb,4,18.8
2009,Mar,4,0.6
2009,Apr,4,1.4
2009,May,4,26.2
2009,Jun,4,10.2
2009,Jul,4,3.6
2009,Aug,4,18
2009,Sep,4,3.2
2009,Oct,4,0
2009,Nov,4,0
2009,Dec,4,1
2009,Jan,5,1.8
2009,Feb,5,10.4
2009,Mar,5,0
2009,Apr,5,0.8
2009,May,5,12.8
2009,Jun,5,4.2
2009,Jul,5,36.8
2009,Aug,5,26
2009,Sep,5,0
2009,Oct,5,0
2009,Nov,5,10
2009,Dec,5,0.8
2009,Jan,6,9
2009,Feb,6,50
2009,Mar,6,0.8
2009,Apr,6,0
2009,May,6,51.6
2009,Jun,6,2.2
2009,Jul,6,27.8
2009,Aug,6,2
2009,Sep,6,3
2009,Oct,6,0
2009,Nov,6,12.8
2009,Dec,6,1
2009,Jan,7,5.2
2009,Feb,7,6.4
2009,Mar,7,4.2
2009,Apr,7,22.8
2009,May,7,12.2
2009,Jun,7,9.2
2009,Jul,7,1.2
2009,Aug,7,5
2009,Sep,7,2
2009,Oct,7,8
2009,Nov,7,24
2009,Dec,7,26.4
2009,Jan,8,11.4
2009,Feb,8,0.8
2009,Mar,8,3.6
2009,Apr,8,28.6
2009,May,8,3.4
2009,Jun,8,0.4
2009,Jul,8,27.6
2009,Aug,8,14
2009,Sep,8,10
2009,Oct,8,17.6
2009,Nov,8,0
2009,Dec,8,3.2
2009,Jan,9,42.4
2009,Feb,9,4.6
2009,Mar,9,1.6
2009,Apr,9,1
2009,May,9,0.4
2009,Jun,9,25.6
2009,Jul,9,0.8
2009,Aug,9,30
2009,Sep,9,10
2009,Oct,9,10.2
2009,Nov,9,2
2009,Dec,9,9
2009,Jan,10,24
2009,Feb,10,12.4
2009,Mar,10,0
2009,Apr,10,0.2
2009,May,10,0.6
2009,Jun,10,0.4
2009,Jul,10,0.1
2009,Aug,10,31
2009,Sep,10,0
2009,Oct,10,22
2009,Nov,10,48
2009,Dec,10,11.8
2009,Jan,11,0
2009,Feb,11,8.6
2009,Mar,11,0
2009,Apr,11,1.4
2009,May,11,8.4
2009,Jun,11,0
2009,Jul,11,0
2009,Aug,11,30
2009,Sep,11,0
2009,Oct,11,28
2009,Nov,11,10.4
2009,Dec,11,34.2
2009,Jan,12,2
2009,Feb,12,31.6
2009,Mar,12,0.3
2009,Apr,12,4.4
2009,May,12,94.2
2009,Jun,12,0
2009,Jul,12,1.2
2009,Aug,12,20
2009,Sep,12,2.8
2009,Oct,12,52
2009,Nov,12,0
2009,Dec,12,24.8
2009,Jan,13,6
2009,Feb,13,0
2009,Mar,13,3.2
2009,Apr,13,0.4
2009,May,13,17.2
2009,Jun,13,0
2009,Jul,13,0
2009,Aug,13,3
2009,Sep,13,4.6
2009,Oct,13,0
2009,Nov,13,0
2009,Dec,13,175
2009,Jan,14,56.4
2009,Feb,14,5.2
2009,Mar,14,4.2
2009,Apr,14,7.4
2009,May,14,7
2009,Jun,14,0.1
2009,Jul,14,3.2
2009,Aug,14,0
2009,Sep,14,0
2009,Oct,14,13.6
2009,Nov,14,2.4
2009,Dec,14,8.8
2009,Jan,15,12
2009,Feb,15,0
2009,Mar,15,0.2
2009,Apr,15,2.4
2009,May,15,0.8
2009,Jun,15,16
2009,Jul,15,5
2009,Aug,15,3
2009,Sep,15,4
2009,Oct,15,0
2009,Nov,15,1.2
2009,Dec,15,31.4
2009,Jan,16,44
2009,Feb,16,5.2
2009,Mar,16,0
2009,Apr,16,4
2009,May,16,1.8
2009,Jun,16,1.4
2009,Jul,16,6.4
2009,Aug,16,4.8
2009,Sep,16,7
2009,Oct,16,20
2009,Nov,16,37.2
2009,Dec,16,1.6
2009,Jan,17,29.4
2009,Feb,17,9.2
2009,Mar,17,0.2
2009,Apr,17,23.8
2009,May,17,0.2
2009,Jun,17,0.1
2009,Jul,17,33
2009,Aug,17,4.4
2009,Sep,17,4.6
2009,Oct,17,70
2009,Nov,17,52.6
2009,Dec,17,1.6
2009,Jan,18,10
2009,Feb,18,45.9
2009,Mar,18,9
2009,Apr,18,4.4
2009,May,18,0
2009,Jun,18,11
2009,Jul,18,84
2009,Aug,18,0
2009,Sep,18,0
2009,Oct,18,0
2009,Nov,18,1.8
2009,Dec,18,4
2009,Jan,19,22.8
2009,Feb,19,81.2
2009,Mar,19,0.2
2009,Apr,19,1.2
2009,May,19,0
2009,Jun,19,4.8
2009,Jul,19,72
2009,Aug,19,0
2009,Sep,19,0
2009,Oct,19,10
2009,Nov,19,3.6
2009,Dec,19,28.2
2009,Jan,20,6
2009,Feb,20,2.4
2009,Mar,20,0
2009,Apr,20,1
2009,May,20,6.2
2009,Jun,20,3.8
2009,Jul,20,7
2009,Aug,20,0
2009,Sep,20,10
2009,Oct,20,45
2009,Nov,20,25
2009,Dec,20,16
2009,Jan,21,25
2009,Feb,21,4.6
2009,Mar,21,0
2009,Apr,21,7.4
2009,May,21,8
2009,Jun,21,0
2009,Jul,21,2
2009,Aug,21,0
2009,Sep,21,0
2009,Oct,21,10
2009,Nov,21,0.2
2009,Dec,21,10.8
2009,Jan,22,13
2009,Feb,22,5
2009,Mar,22,4
2009,Apr,22,6
2009,May,22,2.6
2009,Jun,22,1.8
2009,Jul,22,19.1
2009,Aug,22,0
2009,Sep,22,24
2009,Oct,22,0
2009,Nov,22,0.4
2009,Dec,22,13
2009,Jan,23,8.2
2009,Feb,23,52
2009,Mar,23,6.4
2009,Apr,23,4.4
2009,May,23,8.4
2009,Jun,23,7.4
2009,Jul,23,0.1
2009,Aug,23,0
2009,Sep,23,40
2009,Oct,23,10
2009,Nov,23,0.6
2009,Dec,23,0
2009,Jan,24,6
2009,Feb,24,19.6
2009,Mar,24,7.8
2009,Apr,24,6.8
2009,May,24,32.2
2009,Jun,24,2.4
2009,Jul,24,0
2009,Aug,24,0
2009,Sep,24,4.6
2009,Oct,24,26
2009,Nov,24,23.8
2009,Dec,24,0
2009,Jan,25,16
2009,Feb,25,4.2
2009,Mar,25,37
2009,Apr,25,3.4
2009,May,25,1.8
2009,Jun,25,11.4
2009,Jul,25,37
2009,Aug,25,0
2009,Sep,25,6
2009,Oct,25,26
2009,Nov,25,59.6
2009,Dec,25,0
2009,Jan,26,8.4
2009,Feb,26,16.4
2009,Mar,26,18.4
2009,Apr,26,15
2009,May,26,20
2009,Jun,26,7.2
2009,Jul,26,20.6
2009,Aug,26,3.4
2009,Sep,26,54
2009,Oct,26,26
2009,Nov,26,6.6
2009,Dec,26,3.4
2009,Jan,27,14
2009,Feb,27,87.8
2009,Mar,27,0.4
2009,Apr,27,0.8
2009,May,27,0.8
2009,Jun,27,0
2009,Jul,27,15
2009,Aug,27,3
2009,Sep,27,0
2009,Oct,27,10
2009,Nov,27,27.6
2009,Dec,27,14.8
2009,Jan,28,3
2009,Feb,28,19.8
2009,Mar,28,15.4
2009,Apr,28,0
2009,May,28,1.6
2009,Jun,28,6.4
2009,Jul,28,10
2009,Aug,28,0
2009,Sep,28,0
2009,Oct,28,26
2009,Nov,28,6.4
2009,Dec,28,45.8
2009,Jan,29,0
2009,Mar,29,0.2
2009,Apr,29,1.2
2009,May,29,13.8
2009,Jun,29,0.8
2009,Jul,29,7
2009,Aug,29,0
2009,Sep,29,0
2009,Oct,29,13
2009,Nov,29,79.8
2009,Dec,29,6.4
2009,Jan,30,12.2
2009,Mar,30,0.8
2009,Apr,30,0.4
2009,May,30,2.6
2009,Jun,30,0.8
2009,Jul,30,10
2009,Aug,30,0
2009,Sep,30,0
2009,Oct,30,0
2009,Nov,30,19.8
2009,Dec,30,26.6
2009,Jan,31,0
2009,Mar,31,1.2
2009,May,31,8.2
2009,Jul,31,15
2009,Aug,31,0
2009,Oct,31,0
2009,Dec,31,64.6
2010,Jan,1,2.6
2010,Feb,1,0
2010,Mar,1,0
2010,Apr,1,0
2010,May,1,74
2010,Jun,1,45.1
2010,Jul,1,13
2010,Aug,1,0
2010,Sep,1,8.2
2010,Oct,1,0
2010,Nov,1,0
2010,Dec,1,2.2
2010,Jan,2,24.8
2010,Feb,2,0
2010,Mar,2,0
2010,Apr,2,9
2010,May,2,43
2010,Jun,2,5.4
2010,Jul,2,67
2010,Aug,2,0
2010,Sep,2,0
2010,Oct,2,0
2010,Nov,2,0
2010,Dec,2,0.2
2010,Jan,3,0.4
2010,Feb,3,3.8
2010,Mar,3,0
2010,Apr,3,16.2
2010,May,3,1
2010,Jun,3,33
2010,Jul,3,0
2010,Aug,3,0
2010,Sep,3,0
2010,Oct,3,0
2010,Nov,3,0.6
2010,Dec,3,0.2
2010,Jan,4,1.6
2010,Feb,4,6.6
2010,Mar,4,0
2010,Apr,4,0.4
2010,May,4,3.4
2010,Jun,4,2.4
2010,Jul,4,33
2010,Aug,4,2
2010,Sep,4,0
2010,Oct,4,1
2010,Nov,4,1.2
2010,Dec,4,0
2010,Jan,5,8.8
2010,Feb,5,0.4
2010,Mar,5,0.1
2010,Apr,5,6.2
2010,May,5,0
2010,Jun,5,4.2
2010,Jul,5,14
2010,Aug,5,3
2010,Sep,5,0
2010,Oct,5,0
2010,Nov,5,2.4
2010,Dec,5,0.2
2010,Jan,6,14
2010,Feb,6,5.4
2010,Mar,6,0
2010,Apr,6,0.8
2010,May,6,0
2010,Jun,6,15.8
2010,Jul,6,2
2010,Aug,6,1.2
2010,Sep,6,5
2010,Oct,6,0.4
2010,Nov,6,2.6
2010,Dec,6,0.4
2010,Jan,7,41.8
2010,Feb,7,3.4
2010,Mar,7,151.4
2010,Apr,7,10.2
2010,May,7,0.4
2010,Jun,7,9.2
2010,Jul,7,1.6
2010,Aug,7,1
2010,Sep,7,13
2010,Oct,7,0
2010,Nov,7,0
2010,Dec,7,0
2010,Jan,8,0.6
2010,Feb,8,1.2
2010,Mar,8,51.3
2010,Apr,8,2.4
2010,May,8,141
2010,Jun,8,20
2010,Jul,8,14.4
2010,Aug,8,9.4
2010,Sep,8,1.5
2010,Oct,8,0
2010,Nov,8,2.6
2010,Dec,8,0
2010,Jan,9,76.2
2010,Feb,9,0.4
2010,Mar,9,3.6
2010,Apr,9,45.6
2010,May,9,50
2010,Jun,9,122.2
2010,Jul,9,6
2010,Aug,9,0.2
2010,Sep,9,0
2010,Oct,9,0
2010,Nov,9,2
2010,Dec,9,0
2010,Jan,10,6.4
2010,Feb,10,1
2010,Mar,10,0.6
2010,Apr,10,29.6
2010,May,10,74
2010,Jun,10,106.3
2010,Jul,10,3
2010,Aug,10,9
2010,Sep,10,0.6
2010,Oct,10,0
2010,Nov,10,1
2010,Dec,10,0
2010,Jan,11,1.4
2010,Feb,11,0
2010,Mar,11,4.4
2010,Apr,11,0.4
2010,May,11,4
2010,Jun,11,13
2010,Jul,11,1
2010,Aug,11,1.2
2010,Sep,11,0.1
2010,Oct,11,3.8
2010,Nov,11,0.6
2010,Dec,11,0
2010,Jan,12,53.4
2010,Feb,12,3.6
2010,Mar,12,17
2010,Apr,12,33.6
2010,May,12,56
2010,Jun,12,35.4
2010,Jul,12,0.5
2010,Aug,12,0
2010,Sep,12,0
2010,Oct,12,14
2010,Nov,12,0
2010,Dec,12,0
2010,Jan,13,34.6
2010,Feb,13,0
2010,Mar,13,32.4
2010,Apr,13,64
2010,May,13,7
2010,Jun,13,41.4
2010,Jul,13,0
2010,Aug,13,0
2010,Sep,13,0
2010,Oct,13,0
2010,Nov,13,0
2010,Dec,13,0.1
2010,Jan,14,0.4
2010,Feb,14,0.2
2010,Mar,14,0
2010,Apr,14,67
2010,May,14,0
2010,Jun,14,9.8
2010,Jul,14,0
2010,Aug,14,0
2010,Sep,14,9
2010,Oct,14,0
2010,Nov,14,0.4
2010,Dec,14,1.8
2010,Jan,15,4.4
2010,Feb,15,0
2010,Mar,15,27
2010,Apr,15,8.2
2010,May,15,65
2010,Jun,15,24
2010,Jul,15,0
2010,Aug,15,33.8
2010,Sep,15,5.8
2010,Oct,15,2
2010,Nov,15,2.2
2010,Dec,15,10.4
2010,Jan,16,21
2010,Feb,16,46.8
2010,Mar,16,6.6
2010,Apr,16,1.8
2010,May,16,93
2010,Jun,16,37
2010,Jul,16,19.4
2010,Aug,16,22
2010,Sep,16,4.6
2010,Oct,16,0
2010,Nov,16,0
2010,Dec,16,0
2010,Jan,17,0.6
2010,Feb,17,27.6
2010,Mar,17,2.4
2010,Apr,17,0.4
2010,May,17,3.8
2010,Jun,17,20
2010,Jul,17,64.4
2010,Aug,17,0
2010,Sep,17,0
2010,Oct,17,0.1
2010,Nov,17,0
2010,Dec,17,0
2010,Jan,18,60
2010,Feb,18,1.4
2010,Mar,18,31.4
2010,Apr,18,14.8
2010,May,18,2.6
2010,Jun,18,69
2010,Jul,18,1
2010,Aug,18,0
2010,Sep,18,0
2010,Oct,18,0
2010,Nov,18,0
2010,Dec,18,0
2010,Jan,19,0.8
2010,Feb,19,0.2
2010,Mar,19,4.2
2010,Apr,19,9.6
2010,May,19,34.2
2010,Jun,19,0
2010,Jul,19,0.5
2010,Aug,19,0
2010,Sep,19,0
2010,Oct,19,4
2010,Nov,19,0
2010,Dec,19,0
2010,Jan,20,28.6
2010,Feb,20,85.2
2010,Mar,20,0.2
2010,Apr,20,1.4
2010,May,20,43.4
2010,Jun,20,0
2010,Jul,20,0.5
2010,Aug,20,0.4
2010,Sep,20,0
2010,Oct,20,8.9
2010,Nov,20,8.4
2010,Dec,20,0
2010,Jan,21,24.2
2010,Feb,21,9.6
2010,Mar,21,3.2
2010,Apr,21,42
2010,May,21,5
2010,Jun,21,2.8
2010,Jul,21,32.4
2010,Aug,21,12.8
2010,Sep,21,2.2
2010,Oct,21,3.9
2010,Nov,21,4
2010,Dec,21,0
2010,Jan,22,91.6
2010,Feb,22,35
2010,Mar,22,27.2
2010,Apr,22,97
2010,May,22,0
2010,Jun,22,2.5
2010,Jul,22,25.4
2010,Aug,22,0
2010,Sep,22,2.2
2010,Oct,22,15.2
2010,Nov,22,0
2010,Dec,22,1.7
2010,Jan,23,35.4
2010,Feb,23,13.4
2010,Mar,23,21.8
2010,Apr,23,72
2010,May,23,15.4
2010,Jun,23,4
2010,Jul,23,25
2010,Aug,23,0
2010,Sep,23,0
2010,Oct,23,4.6
2010,Nov,23,2.6
2010,Dec,23,2
2010,Jan,24,2.2
2010,Feb,24,0.6
2010,Mar,24,3
2010,Apr,24,47
2010,May,24,17
2010,Jun,24,12.5
2010,Jul,24,0
2010,Aug,24,0
2010,Sep,24,0
2010,Oct,24,2.8
2010,Nov,24,1.2
2010,Dec,24,0
2010,Jan,25,15.2
2010,Feb,25,4.6
2010,Mar,25,0.1
2010,Apr,25,0.4
2010,May,25,13
2010,Jun,25,23.4
2010,Jul,25,13
2010,Aug,25,0
2010,Sep,25,58.2
2010,Oct,25,12.2
2010,Nov,25,21.8
2010,Dec,25,3.8
2010,Jan,26,84.8
2010,Feb,26,0.2
2010,Mar,26,25.8
2010,Apr,26,82
2010,May,26,15
2010,Jun,26,0.4
2010,Jul,26,59.8
2010,Aug,26,0
2010,Sep,26,14.6
2010,Oct,26,11.4
2010,Nov,26,4.4
2010,Dec,26,2.6
2010,Jan,27,15.8
2010,Feb,27,0
2010,Mar,27,51.8
2010,Apr,27,9.8
2010,May,27,15.4
2010,Jun,27,9
2010,Jul,27,0
2010,Aug,27,2
2010,Sep,27,0.2
2010,Oct,27,0.2
2010,Nov,27,0.2
2010,Dec,27,0.3
2010,Jan,28,0.1
2010,Feb,28,4
2010,Mar,28,2.8
2010,Apr,28,33
2010,May,28,0
2010,Jun,28,12.2
2010,Jul,28,0
2010,Aug,28,0
2010,Sep,28,3.4
2010,Oct,28,0.4
2010,Nov,28,3.8
2010,Dec,28,6.1
2010,Jan,29,5
2010,Mar,29,13.2
2010,Apr,29,24.2
2010,May,29,34
2010,Jun,29,13
2010,Jul,29,9.8
2010,Aug,29,0
2010,Sep,29,0
2010,Oct,29,0
2010,Nov,29,0
2010,Dec,29,2.9
2010,Jan,30,0
2010,Mar,30,0.8
2010,Apr,30,15
2010,May,30,60
2010,Jun,30,24
2010,Jul,30,0
2010,Aug,30,1
2010,Sep,30,0
2010,Oct,30,2
2010,Nov,30,1
2010,Dec,30,13.4
2010,Jan,31,0
2010,Mar,31,0.2
2010,May,31,3
2010,Jul,31,0
2010,Aug,31,6.4
2010,Oct,31,5.8
2010,Dec,31,0.2
2011,Jan,1,0.2
2011,Feb,1,4.2
2011,Mar,1,0
2011,Apr,1,0.8
2011,May,1,20.6
2011,Jun,1,1
2011,Jul,1,18
2011,Aug,1,2.7
2011,Sep,1,0
2011,Oct,1,0
2011,Nov,1,8
2011,Dec,1,0
2011,Jan,2,0
2011,Feb,2,19.8
2011,Mar,2,2
2011,Apr,2,0.2
2011,May,2,10.8
2011,Jun,2,1.6
2011,Jul,2,2.2
2011,Aug,2,24.6
2011,Sep,2,0
2011,Oct,2,0.4
2011,Nov,2,42.6
2011,Dec,2,0
2011,Jan,3,2.1
2011,Feb,3,4.8
2011,Mar,3,0
2011,Apr,3,0.4
2011,May,3,0
2011,Jun,3,0
2011,Jul,3,43.4
2011,Aug,3,3.6
2011,Sep,3,0
2011,Oct,3,0.8
2011,Nov,3,45.6
2011,Dec,3,0
2011,Jan,4,0
2011,Feb,4,11.3
2011,Mar,4,0
2011,Apr,4,0
2011,May,4,0.4
2011,Jun,4,4.4
2011,Jul,4,2.4
2011,Aug,4,52.8
2011,Sep,4,4.2
2011,Oct,4,0
2011,Nov,4,6.2
2011,Dec,4,47.8
2011,Jan,5,15.2
2011,Feb,5,1.2
2011,Mar,5,6.8
2011,Apr,5,1
2011,May,5,0.6
2011,Jun,5,22.8
2011,Jul,5,2.6
2011,Aug,5,67.4
2011,Sep,5,10.4
2011,Oct,5,2
2011,Nov,5,54.2
2011,Dec,5,40.6
2011,Jan,6,9.6
2011,Feb,6,5
2011,Mar,6,0
2011,Apr,6,0
2011,May,6,0.4
2011,Jun,6,5
2011,Jul,6,58.8
2011,Aug,6,53.2
2011,Sep,6,0
2011,Oct,6,20.4
2011,Nov,6,3.4
2011,Dec,6,3
2011,Jan,7,7.1
2011,Feb,7,18
2011,Mar,7,7
2011,Apr,7,19.2
2011,May,7,0.2
2011,Jun,7,8.8
2011,Jul,7,25
2011,Aug,7,8.4
2011,Sep,7,1.4
2011,Oct,7,14.2
2011,Nov,7,0.2
2011,Dec,7,64.4
2011,Jan,8,1.2
2011,Feb,8,0
2011,Mar,8,41.2
2011,Apr,8,1.8
2011,May,8,0
2011,Jun,8,28.2
2011,Jul,8,20.2
2011,Aug,8,2.4
2011,Sep,8,2.2
2011,Oct,8,18.2
2011,Nov,8,129.8
2011,Dec,8,0.2
2011,Jan,9,0
2011,Feb,9,0
2011,Mar,9,10.2
2011,Apr,9,53
2011,May,9,8.2
2011,Jun,9,0.4
2011,Jul,9,55
2011,Aug,9,3.2
2011,Sep,9,20.6
2011,Oct,9,1.8
2011,Nov,9,5.8
2011,Dec,9,14.6
2011,Jan,10,0.3
2011,Feb,10,0
2011,Mar,10,0
2011,Apr,10,1.8
2011,May,10,0.4
2011,Jun,10,16.4
2011,Jul,10,0.4
2011,Aug,10,5.8
2011,Sep,10,2.6
2011,Oct,10,0.6
2011,Nov,10,5.2
2011,Dec,10,13.2
2011,Jan,11,0.1
2011,Feb,11,4.6
2011,Mar,11,9.2
2011,Apr,11,8
2011,May,11,0
2011,Jun,11,31.6
2011,Jul,11,4.2
2011,Aug,11,9.2
2011,Sep,11,0
2011,Oct,11,53.4
2011,Nov,11,2.6
2011,Dec,11,44
2011,Jan,12,0.8
2011,Feb,12,4.2
2011,Mar,12,4.6
2011,Apr,12,0
2011,May,12,6.2
2011,Jun,12,18.4
2011,Jul,12,11.2
2011,Aug,12,0
2011,Sep,12,5.4
2011,Oct,12,7.8
2011,Nov,12,0.2
2011,Dec,12,2.3
2011,Jan,13,0
2011,Feb,13,5.2
2011,Mar,13,10.6
2011,Apr,13,0
2011,May,13,132.6
2011,Jun,13,49.8
2011,Jul,13,4
2011,Aug,13,3.4
2011,Sep,13,0
2011,Oct,13,30.4
2011,Nov,13,0
2011,Dec,13,0
2011,Jan,14,0.3
2011,Feb,14,0
2011,Mar,14,3.6
2011,Apr,14,2.2
2011,May,14,12
2011,Jun,14,0.4
2011,Jul,14,2.2
2011,Aug,14,1
2011,Sep,14,60.2
2011,Oct,14,53
2011,Nov,14,1
2011,Dec,14,37
2011,Jan,15,0.8
2011,Feb,15,0.4
2011,Mar,15,0.2
2011,Apr,15,14.2
2011,May,15,6
2011,Jun,15,0
2011,Jul,15,0.4
2011,Aug,15,10.4
2011,Sep,15,9.2
2011,Oct,15,2.2
2011,Nov,15,23
2011,Dec,15,23
2011,Jan,16,30
2011,Feb,16,0.2
2011,Mar,16,0
2011,Apr,16,3
2011,May,16,0.2
2011,Jun,16,0.4
2011,Jul,16,16.2
2011,Aug,16,4.6
2011,Sep,16,0.2
2011,Oct,16,24.8
2011,Nov,16,5.2
2011,Dec,16,16.4
2011,Jan,17,0
2011,Feb,17,4.2
2011,Mar,17,3.4
2011,Apr,17,3.6
2011,May,17,0
2011,Jun,17,0
2011,Jul,17,11
2011,Aug,17,3.4
2011,Sep,17,0
2011,Oct,17,30.4
2011,Nov,17,3.8
2011,Dec,17,14
2011,Jan,18,3
2011,Feb,18,9.7
2011,Mar,18,2.8
2011,Apr,18,0.8
2011,May,18,3.8
2011,Jun,18,2.8
2011,Jul,18,11.2
2011,Aug,18,1.8
2011,Sep,18,1.2
2011,Oct,18,0.2
2011,Nov,18,0
2011,Dec,18,27.5
2011,Jan,19,0
2011,Feb,19,13.8
2011,Mar,19,49.6
2011,Apr,19,0
2011,May,19,0.2
2011,Jun,19,0.2
2011,Jul,19,10
2011,Aug,19,5.2
2011,Sep,19,2.3
2011,Oct,19,0
2011,Nov,19,1.8
2011,Dec,19,30.3
2011,Jan,20,4
2011,Feb,20,0.3
2011,Mar,20,18.6
2011,Apr,20,0.4
2011,May,20,1.6
2011,Jun,20,11.4
2011,Jul,20,3
2011,Aug,20,0.4
2011,Sep,20,0
2011,Oct,20,0
2011,Nov,20,0
2011,Dec,20,0
2011,Jan,21,0
2011,Feb,21,0
2011,Mar,21,10.2
2011,Apr,21,0
2011,May,21,7.2
2011,Jun,21,35.6
2011,Jul,21,9.8
2011,Aug,21,0.2
2011,Sep,21,0
2011,Oct,21,6.2
2011,Nov,21,36
2011,Dec,21,0.3
2011,Jan,22,13
2011,Feb,22,4.2
2011,Mar,22,1.2
2011,Apr,22,8.6
2011,May,22,36
2011,Jun,22,2.2
2011,Jul,22,13.6
2011,Aug,22,3.8
2011,Sep,22,6
2011,Oct,22,68.4
2011,Nov,22,0.4
2011,Dec,22,0.2
2011,Jan,23,63.6
2011,Feb,23,8.6
2011,Mar,23,10.4
2011,Apr,23,8
2011,May,23,5.8
2011,Jun,23,20.6
2011,Jul,23,21.6
2011,Aug,23,1
2011,Sep,23,4
2011,Oct,23,4
2011,Nov,23,20.2
2011,Dec,23,3.2
2011,Jan,24,0.1
2011,Feb,24,8.8
2011,Mar,24,1.4
2011,Apr,24,6
2011,May,24,32
2011,Jun,24,13.4
2011,Jul,24,0.2
2011,Aug,24,5.2
2011,Sep,24,0.8
2011,Oct,24,18.6
2011,Nov,24,81.2
2011,Dec,24,10.8
2011,Jan,25,0
2011,Feb,25,0.2
2011,Mar,25,17.2
2011,Apr,25,2.4
2011,May,25,5
2011,Jun,25,15.2
2011,Jul,25,2.4
2011,Aug,25,0.4
2011,Sep,25,0
2011,Oct,25,19.2
2011,Nov,25,0.4
2011,Dec,25,10.6
2011,Jan,26,11.2
2011,Feb,26,0
2011,Mar,26,19.8
2011,Apr,26,3.6
2011,May,26,16.4
2011,Jun,26,7.2
2011,Jul,26,23.4
2011,Aug,26,1.2
2011,Sep,26,8.8
2011,Oct,26,0.4
2011,Nov,26,14
2011,Dec,26,10.5
2011,Jan,27,11.8
2011,Feb,27,3
2011,Mar,27,0.2
2011,Apr,27,2.8
2011,May,27,2.4
2011,Jun,27,3.2
2011,Jul,27,10.8
2011,Aug,27,2.6
2011,Sep,27,0
2011,Oct,27,1
2011,Nov,27,6.8
2011,Dec,27,6
2011,Jan,28,0.6
2011,Feb,28,0.2
2011,Mar,28,1
2011,Apr,28,56.8
2011,May,28,1.2
2011,Jun,28,1
2011,Jul,28,32.1
2011,Aug,28,1.4
2011,Sep,28,0
2011,Oct,28,1.4
2011,Nov,28,9
2011,Dec,28,14.6
2011,Jan,29,1.6
2011,Mar,29,0
2011,Apr,29,2.4
2011,May,29,20.8
2011,Jun,29,15.2
2011,Jul,29,2.2
2011,Aug,29,0
2011,Sep,29,0.8
2011,Oct,29,4.2
2011,Nov,29,16.4
2011,Dec,29,6.7
2011,Jan,30,12
2011,Mar,30,0
2011,Apr,30,1
2011,May,30,0.8
2011,Jun,30,16.2
2011,Jul,30,3
2011,Aug,30,4.8
2011,Sep,30,8.8
2011,Oct,30,0.2
2011,Nov,30,6.6
2011,Dec,30,0.3
2011,May,31,4.4
2011,Jul,31,2.6
2011,Aug,31,2.2
2011,Oct,31,2
2011,Dec,31,4
2012,Jan,1,8.8
2012,Feb,1,0.3
2012,Mar,1,1.8
2012,Apr,1,0.2
2012,May,1,0
2012,Jun,1,9
2012,Jul,1,0.5
2012,Aug,1,15.6
2012,Sep,1,23.8
2012,Oct,1,0
2012,Nov,1,20.4
2012,Dec,1,3
2012,Jan,2,0
2012,Feb,2,3.2
2012,Mar,2,16.2
2012,Apr,2,0
2012,May,2,0.4
2012,Jun,2,19
2012,Jul,2,6.5
2012,Aug,2,3
2012,Sep,2,11.8
2012,Oct,2,0
2012,Nov,2,18
2012,Dec,2,17.5
2012,Jan,3,0
2012,Feb,3,15.2
2012,Mar,3,8.3
2012,Apr,3,0.2
2012,May,3,0
2012,Jun,3,9
2012,Jul,3,4.5
2012,Aug,3,12
2012,Sep,3,3.4
2012,Oct,3,3.8
2012,Nov,3,0.4
2012,Dec,3,1.2
2012,Jan,4,32
2012,Feb,4,0.4
2012,Mar,4,0.2
2012,Apr,4,0.2
2012,May,4,0
2012,Jun,4,4.1
2012,Jul,4,19
2012,Aug,4,8
2012,Sep,4,3
2012,Oct,4,66.8
2012,Nov,4,6
2012,Dec,4,2.8
2012,Jan,5,46.6
2012,Feb,5,0
2012,Mar,5,2.6
2012,Apr,5,1.2
2012,May,5,3.4
2012,Jun,5,6
2012,Jul,5,1
2012,Aug,5,17
2012,Sep,5,27.4
2012,Oct,5,0.2
2012,Nov,5,33.8
2012,Dec,5,0.02
2012,Jan,6,16
2012,Feb,6,0
2012,Mar,6,6
2012,Apr,6,58.6
2012,May,6,6.4
2012,Jun,6,5.5
2012,Jul,6,0
2012,Aug,6,1
2012,Sep,6,20.4
2012,Oct,6,1.2
2012,Nov,6,4
2012,Dec,6,5.6
2012,Jan,7,0
2012,Feb,7,0
2012,Mar,7,70.8
2012,Apr,7,29.4
2012,May,7,0.1
2012,Jun,7,1
2012,Jul,7,13
2012,Aug,7,0
2012,Sep,7,3.6
2012,Oct,7,43
2012,Nov,7,35
2012,Dec,7,51.2
2012,Jan,8,0
2012,Feb,8,18
2012,Mar,8,25
2012,Apr,8,0.2
2012,May,8,0
2012,Jun,8,0
2012,Jul,8,13
2012,Aug,8,0
2012,Sep,8,0.8
2012,Oct,8,0
2012,Nov,8,35.2
2012,Dec,8,3.1
2012,Jan,9,0
2012,Feb,9,15.6
2012,Mar,9,1.4
2012,Apr,9,4.6
2012,May,9,0
2012,Jun,9,0
2012,Jul,9,30
2012,Aug,9,0
2012,Sep,9,9.1
2012,Oct,9,1
2012,Nov,9,0.2
2012,Dec,9,1.4
2012,Jan,10,4.6
2012,Feb,10,2.2
2012,Mar,10,0.2
2012,Apr,10,5
2012,May,10,0
2012,Jun,10,0
2012,Jul,10,19.5
2012,Aug,10,11
2012,Sep,10,13.4
2012,Oct,10,6.4
2012,Nov,10,4.4
2012,Dec,10,8.2
2012,Jan,11,2.5
2012,Feb,11,0
2012,Mar,11,2
2012,Apr,11,21
2012,May,11,8.5
2012,Jun,11,7.5
2012,Jul,11,1
2012,Aug,11,0
2012,Sep,11,51.2
2012,Oct,11,9.2
2012,Nov,11,35
2012,Dec,11,0.8
2012,Jan,12,0
2012,Feb,12,0.6
2012,Mar,12,0.2
2012,Apr,12,3.4
2012,May,12,3.2
2012,Jun,12,2.5
2012,Jul,12,0.5
2012,Aug,12,1
2012,Sep,12,24.4
2012,Oct,12,94.6
2012,Nov,12,146.8
2012,Dec,12,0.4
2012,Jan,13,0
2012,Feb,13,0
2012,Mar,13,0.4
2012,Apr,13,0.4
2012,May,13,16.5
2012,Jun,13,3
2012,Jul,13,0
2012,Aug,13,142
2012,Sep,13,0.4
2012,Oct,13,0.6
2012,Nov,13,25.2
2012,Dec,13,52.2
2012,Jan,14,0
2012,Feb,14,0
2012,Mar,14,1
2012,Apr,14,5.8
2012,May,14,6.8
2012,Jun,14,2.5
2012,Jul,14,2
2012,Aug,14,17
2012,Sep,14,17.2
2012,Oct,14,3
2012,Nov,14,80.2
2012,Dec,14,3.8
2012,Jan,15,3
2012,Feb,15,9.4
2012,Mar,15,1.4
2012,Apr,15,0.8
2012,May,15,0.6
2012,Jun,15,15
2012,Jul,15,0
2012,Aug,15,0
2012,Sep,15,6.4
2012,Oct,15,5
2012,Nov,15,0.2
2012,Dec,15,0
2012,Jan,16,4.8
2012,Feb,16,2.4
2012,Mar,16,6.8
2012,Apr,16,1.6
2012,May,16,0
2012,Jun,16,0
2012,Jul,16,4
2012,Aug,16,29
2012,Sep,16,20.4
2012,Oct,16,7.4
2012,Nov,16,17.6
2012,Dec,16,0
2012,Jan,17,0
2012,Feb,17,4.4
2012,Mar,17,5.8
2012,Apr,17,0.2
2012,May,17,0
2012,Jun,17,0
2012,Jul,17,2.5
2012,Aug,17,7
2012,Sep,17,3.2
2012,Oct,17,7.4
2012,Nov,17,7.8
2012,Dec,17,0
2012,Jan,18,7
2012,Feb,18,4.4
2012,Mar,18,1
2012,Apr,18,0.6
2012,May,18,0
2012,Jun,18,0
2012,Jul,18,2
2012,Aug,18,0
2012,Sep,18,0.2
2012,Oct,18,6.4
2012,Nov,18,8.4
2012,Dec,18,1.2
2012,Jan,19,10
2012,Feb,19,25
2012,Mar,19,0
2012,Apr,19,0.4
2012,May,19,5.7
2012,Jun,19,0
2012,Jul,19,3.5
2012,Aug,19,3
2012,Sep,19,0
2012,Oct,19,1.4
2012,Nov,19,0.2
2012,Dec,19,11.2
2012,Jan,20,1.4
2012,Feb,20,24.4
2012,Mar,20,0
2012,Apr,20,1.4
2012,May,20,1.6
2012,Jun,20,0
2012,Jul,20,19
2012,Aug,20,5
2012,Sep,20,1
2012,Oct,20,0
2012,Nov,20,0.6
2012,Dec,20,88.4
2012,Jan,21,5.4
2012,Feb,21,0.2
2012,Mar,21,21
2012,Apr,21,5.8
2012,May,21,5
2012,Jun,21,0
2012,Jul,21,3
2012,Aug,21,20.4
2012,Sep,21,27
2012,Oct,21,0
2012,Nov,21,8.2
2012,Dec,21,38.6
2012,Jan,22,4
2012,Feb,22,0
2012,Mar,22,46.2
2012,Apr,22,4.4
2012,May,22,0
2012,Jun,22,0
2012,Jul,22,0
2012,Aug,22,5.2
2012,Sep,22,78
2012,Oct,22,0.6
2012,Nov,22,8.2
2012,Dec,22,0
2012,Jan,23,0.6
2012,Feb,23,0
2012,Mar,23,0.4
2012,Apr,23,0.2
2012,May,23,0
2012,Jun,23,0
2012,Jul,23,0
2012,Aug,23,4
2012,Sep,23,17.4
2012,Oct,23,0.2
2012,Nov,23,1.6
2012,Dec,23,0
2012,Jan,24,2.4
2012,Feb,24,0
2012,Mar,24,4.6
2012,Apr,24,0.4
2012,May,24,0
2012,Jun,24,0
2012,Jul,24,86
2012,Aug,24,19
2012,Sep,24,23.2
2012,Oct,24,0
2012,Nov,24,6.2
2012,Dec,24,5.4
2012,Jan,25,0.4
2012,Feb,25,0
2012,Mar,25,1.2
2012,Apr,25,2.4
2012,May,25,0
2012,Jun,25,0
2012,Jul,25,7
2012,Aug,25,15.8
2012,Sep,25,11.4
2012,Oct,25,22.6
2012,Nov,25,35
2012,Dec,25,0
2012,Jan,26,0
2012,Feb,26,3
2012,Mar,26,0.4
2012,Apr,26,0.4
2012,May,26,1.6
2012,Jun,26,0
2012,Jul,26,3
2012,Aug,26,0.2
2012,Sep,26,0
2012,Oct,26,1.6
2012,Nov,26,0.2
2012,Dec,26,131.6
2012,Jan,27,8.8
2012,Feb,27,6.8
2012,Mar,27,0
2012,Apr,27,0.6
2012,May,27,1
2012,Jun,27,0
2012,Jul,27,0
2012,Aug,27,0
2012,Sep,27,1.8
2012,Oct,27,0.4
2012,Nov,27,2.6
2012,Dec,27,45.6
2012,Jan,28,3.2
2012,Feb,28,3.8
2012,Mar,28,0
2012,Apr,28,1.2
2012,May,28,0.5
2012,Jun,28,5
2012,Jul,28,21
2012,Aug,28,0.8
2012,Sep,28,4.8
2012,Oct,28,6.4
2012,Nov,28,0.2
2012,Dec,28,8.6
2012,Jan,29,0
2012,Feb,29,0
2012,Mar,29,6.8
2012,Apr,29,0
2012,May,29,0.5
2012,Jun,29,1
2012,Jul,29,16
2012,Aug,29,3.6
2012,Sep,29,0.2
2012,Oct,29,27.8
2012,Nov,29,1
2012,Dec,29,0.4
2012,Jan,30,1.6
2012,Mar,30,16.8
2012,Apr,30,0
2012,May,30,0
2012,Jun,30,0
2012,Jul,30,20
2012,Aug,30,7
2012,Sep,30,0
2012,Oct,30,1.2
2012,Nov,30,6.6
2012,Dec,30,2.8
2012,Jan,31,1.8
2012,Mar,31,0.2
2012,May,31,1
2012,Jul,31,0
2012,Aug,31,26.8
2012,Dec,31,30.8
2013,Jan,1,30
2013,Feb,1,4.6
2013,Mar,1,0
2013,Apr,1,0
2013,May,1,3
2013,Jun,1,38
2013,Jul,1,0.8
2013,Aug,1,10.2
2013,Sep,1,3
2013,Oct,1,2
2013,Nov,1,2
2013,Dec,1,1.2
2013,Jan,2,117.2
2013,Feb,2,1.4
2013,Mar,2,4.2
2013,Apr,2,1
2013,May,2,1
2013,Jun,2,1
2013,Jul,2,16.6
2013,Aug,2,0.2
2013,Sep,2,5.6
2013,Oct,2,0
2013,Nov,2,1.4
2013,Dec,2,1.4
2013,Jan,3,60.6
2013,Feb,3,0.4
2013,Mar,3,0
2013,Apr,3,8
2013,May,3,4
2013,Jun,3,3
2013,Jul,3,12.6
2013,Aug,3,1.2
2013,Sep,3,0.2
2013,Oct,3,23.6
2013,Nov,3,8.4
2013,Dec,3,9
2013,Jan,4,9.6
2013,Feb,4,0
2013,Mar,4,12
2013,Apr,4,20
2013,May,4,0
2013,Jun,4,13
2013,Jul,4,1.6
2013,Aug,4,2
2013,Sep,4,0.2
2013,Oct,4,0
2013,Nov,4,0.2
2013,Dec,4,12.4
2013,Jan,5,5.6
2013,Feb,5,0
2013,Mar,5,1
2013,Apr,5,1
2013,May,5,0
2013,Jun,5,25
2013,Jul,5,8.6
2013,Aug,5,28
2013,Sep,5,0.4
2013,Oct,5,3
2013,Nov,5,37.8
2013,Dec,5,42.4
2013,Jan,6,0
2013,Feb,6,0
2013,Mar,6,0
2013,Apr,6,0
2013,May,6,0
2013,Jun,6,57
2013,Jul,6,30.8
2013,Aug,6,0.4
2013,Sep,6,0
2013,Oct,6,0.2
2013,Nov,6,10.2
2013,Dec,6,13.8
2013,Jan,7,5.4
2013,Feb,7,1.8
2013,Mar,7,0
2013,Apr,7,0
2013,May,7,0
2013,Jun,7,0
2013,Jul,7,0
2013,Aug,7,0
2013,Sep,7,2
2013,Oct,7,8.8
2013,Nov,7,35.8
2013,Dec,7,5.4
2013,Jan,8,21.2
2013,Feb,8,2.2
2013,Mar,8,0
2013,Apr,8,0
2013,May,8,6
2013,Jun,8,2
2013,Jul,8,17
2013,Aug,8,0.8
2013,Sep,8,11.2
2013,Oct,8,22.6
2013,Nov,8,0
2013,Dec,8,1.6
2013,Jan,9,23.6
2013,Feb,9,0.2
2013,Mar,9,2.2
2013,Apr,9,0
2013,May,9,23
2013,Jun,9,1.8
2013,Jul,9,0.8
2013,Aug,9,13.4
2013,Sep,9,12.8
2013,Oct,9,0.4
2013,Nov,9,40
2013,Dec,9,11.2
2013,Jan,10,58.4
2013,Feb,10,63.4
2013,Mar,10,8
2013,Apr,10,0
2013,May,10,11
2013,Jun,10,7.2
2013,Jul,10,6.6
2013,Aug,10,0
2013,Sep,10,3.2
2013,Oct,10,0
2013,Nov,10,13.8
2013,Dec,10,2.8
2013,Jan,11,6.8
2013,Feb,11,53.4
2013,Mar,11,3.4
2013,Apr,11,13
2013,May,11,8
2013,Jun,11,4.4
2013,Jul,11,8
2013,Aug,11,1.6
2013,Sep,11,1.4
2013,Oct,11,0.4
2013,Nov,11,2
2013,Dec,11,56.2
2013,Jan,12,33.4
2013,Feb,12,1.4
2013,Mar,12,50
2013,Apr,12,5
2013,May,12,18
2013,Jun,12,14
2013,Jul,12,31.6
2013,Aug,12,3.2
2013,Sep,12,0
2013,Oct,12,34
2013,Nov,12,3.8
2013,Dec,12,21.2
2013,Jan,13,63.4
2013,Feb,13,0.2
2013,Mar,13,2
2013,Apr,13,2
2013,May,13,6
2013,Jun,13,38.8
2013,Jul,13,3.2
2013,Aug,13,24.4
2013,Sep,13,0
2013,Oct,13,0.2
2013,Nov,13,1.2
2013,Dec,13,4.4
2013,Jan,14,6.8
2013,Feb,14,2.8
2013,Mar,14,1
2013,Apr,14,10
2013,May,14,12
2013,Jun,14,14.2
2013,Jul,14,37.8
2013,Aug,14,6
2013,Sep,14,0
2013,Oct,14,3.4
2013,Nov,14,0.2
2013,Dec,14,7
2013,Jan,15,0
2013,Feb,15,1.2
2013,Mar,15,0
2013,Apr,15,0
2013,May,15,32
2013,Jun,15,16.8
2013,Jul,15,54.8
2013,Aug,15,1
2013,Sep,15,7
2013,Oct,15,1.6
2013,Nov,15,1
2013,Dec,15,1.2
2013,Jan,16,0.4
2013,Feb,16,4
2013,Mar,16,0
2013,Apr,16,2
2013,May,16,64
2013,Jun,16,10.4
2013,Jul,16,9.2
2013,Aug,16,0.4
2013,Sep,16,7
2013,Oct,16,0.4
2013,Nov,16,16.8
2013,Dec,16,2.4
2013,Jan,17,0.8
2013,Feb,17,13.8
2013,Mar,17,10
2013,Apr,17,3
2013,May,17,40
2013,Jun,17,7.2
2013,Jul,17,7.4
2013,Aug,17,103.4
2013,Sep,17,6
2013,Oct,17,0
2013,Nov,17,5.6
2013,Dec,17,5.2
2013,Jan,18,101.6
2013,Feb,18,2.4
2013,Mar,18,2
2013,Apr,18,1
2013,May,18,2
2013,Jun,18,36.4
2013,Jul,18,2.8
2013,Aug,18,0.4
2013,Sep,18,13
2013,Oct,18,4
2013,Nov,18,4.6
2013,Dec,18,3.4
2013,Jan,19,35
2013,Feb,19,1.2
2013,Mar,19,0
2013,Apr,19,1
2013,May,19,1
2013,Jun,19,6.2
2013,Jul,19,27.2
2013,Aug,19,0
2013,Sep,19,10.8
2013,Oct,19,0
2013,Nov,19,37.4
2013,Dec,19,6
2013,Jan,20,6.6
2013,Feb,20,49.8
2013,Mar,20,0
2013,Apr,20,3
2013,May,20,7
2013,Jun,20,14
2013,Jul,20,0.4
2013,Aug,20,0.6
2013,Sep,20,0.2
2013,Oct,20,0
2013,Nov,20,12
2013,Dec,20,11.8
2013,Jan,21,64
2013,Feb,21,1.8
2013,Mar,21,0
2013,Apr,21,25
2013,May,21,6
2013,Jun,21,57
2013,Jul,21,0.6
2013,Aug,21,5.6
2013,Sep,21,17.6
2013,Oct,21,0
2013,Nov,21,36.6
2013,Dec,21,11.8
2013,Jan,22,9.6
2013,Feb,22,36.6
2013,Mar,22,11
2013,Apr,22,2
2013,May,22,8
2013,Jun,22,6.6
2013,Jul,22,12.8
2013,Aug,22,0.2
2013,Sep,22,4
2013,Oct,22,0
2013,Nov,22,47.6
2013,Dec,22,49.4
2013,Jan,23,0
2013,Feb,23,7.8
2013,Mar,23,3
2013,Apr,23,1
2013,May,23,20
2013,Jun,23,36
2013,Jul,23,24
2013,Aug,23,0
2013,Sep,23,2
2013,Oct,23,9
2013,Nov,23,22.6
2013,Dec,23,1.4
2013,Jan,24,0
2013,Feb,24,0.2
2013,Mar,24,0
2013,Apr,24,106
2013,May,24,15
2013,Jun,24,0.4
2013,Jul,24,0.2
2013,Aug,24,0
2013,Sep,24,12.6
2013,Oct,24,6
2013,Nov,24,0.4
2013,Dec,24,10.4
2013,Jan,25,0
2013,Feb,25,16.4
2013,Mar,25,0
2013,Apr,25,4
2013,May,25,1
2013,Jun,25,37.6
2013,Jul,25,11
2013,Aug,25,0
2013,Sep,25,0.2
2013,Oct,25,0
2013,Nov,25,6
2013,Dec,25,25.2
2013,Jan,26,0
2013,Feb,26,13.6
2013,Mar,26,0
2013,Apr,26,0
2013,May,26,0
2013,Jun,26,0
2013,Jul,26,11.2
2013,Aug,26,0
2013,Sep,26,0.2
2013,Oct,26,0
2013,Nov,26,49
2013,Dec,26,1.2
2013,Jan,27,3
2013,Feb,27,0.4
2013,Mar,27,0
2013,Apr,27,0
2013,May,27,0
2013,Jun,27,0
2013,Jul,27,0.2
2013,Aug,27,0
2013,Sep,27,19.6
2013,Oct,27,1.6
2013,Nov,27,102.4
2013,Dec,27,0
2013,Jan,28,7.2
2013,Feb,28,3.8
2013,Mar,28,0
2013,Apr,28,21
2013,May,28,0
2013,Jun,28,4.8
2013,Jul,28,0.8
2013,Aug,28,11.6
2013,Sep,28,10.4
2013,Oct,28,3.8
2013,Nov,28,111.2
2013,Dec,28,0
2013,Jan,29,0
2013,Mar,29,0
2013,Apr,29,6
2013,May,29,4
2013,Jun,29,2.6
2013,Jul,29,0
2013,Aug,29,0.2
2013,Sep,29,30.8
2013,Oct,29,8
2013,Nov,29,0.2
2013,Dec,29,1.2
2013,Jan,30,0
2013,Mar,30,2
2013,Apr,30,8
2013,May,30,5
2013,Jun,30,3.2
2013,Jul,30,5
2013,Aug,30,64.6
2013,Sep,30,2.4
2013,Oct,30,0.2
2013,Nov,30,0.2
2013,Dec,30,2.4
2013,Jan,31,0
2013,Mar,31,111
2013,May,31,1
2013,Jul,31,21.6
2013,Aug,31,0.2
2013,Oct,31,1.2
2013,Dec,31,0.4
2014,Jan,1,0
2014,Feb,1,0
2014,Mar,1,0.2
2014,Apr,1,5.6
2014,May,1,8.6
2014,Jun,1,6.7
2014,Jul,1,31.6
2014,Aug,1,0.6
2014,Sep,1,9.4
2014,Oct,1,8
2014,Nov,1,25.2
2014,Dec,1,11.8
2014,Jan,2,3.2
2014,Feb,2,40.4
2014,Mar,2,10.2
2014,Apr,2,8.2
2014,May,2,97.2
2014,Jun,2,9.6
2014,Jul,2,6.6
2014,Aug,2,0.6
2014,Sep,2,54
2014,Oct,2,19
2014,Nov,2,10.4
2014,Dec,2,14.6
2014,Jan,3,0
2014,Feb,3,54.2
2014,Mar,3,0.2
2014,Apr,3,16.2
2014,May,3,1.4
2014,Jun,3,2.2
2014,Jul,3,33.2
2014,Aug,3,27.6
2014,Sep,3,6.2
2014,Oct,3,23.8
2014,Nov,3,0.4
2014,Dec,3,0.2
2014,Jan,4,3.6
2014,Feb,4,29
2014,Mar,4,1
2014,Apr,4,2.8
2014,May,4,12.6
2014,Jun,4,18.4
2014,Jul,4,42
2014,Aug,4,5
2014,Sep,4,46
2014,Oct,4,0.4
2014,Nov,4,5.4
2014,Dec,4,0.2
2014,Jan,5,53.6
2014,Feb,5,22.4
2014,Mar,5,4
2014,Apr,5,29.2
2014,May,5,13.8
2014,Jun,5,10.2
2014,Jul,5,2.6
2014,Aug,5,2
2014,Sep,5,1.6
2014,Oct,5,7.6
2014,Nov,5,25.2
2014,Dec,5,0.6
2014,Jan,6,42
2014,Feb,6,0.8
2014,Mar,6,2.6
2014,Apr,6,31.4
2014,May,6,0.4
2014,Jun,6,18.8
2014,Jul,6,3.6
2014,Aug,6,0
2014,Sep,6,22.6
2014,Oct,6,1.6
2014,Nov,6,0.6
2014,Dec,6,5.2
2014,Jan,7,60.6
2014,Feb,7,18.6
2014,Mar,7,6.2
2014,Apr,7,75.8
2014,May,7,2.6
2014,Jun,7,3.2
2014,Jul,7,5.2
2014,Aug,7,7.2
2014,Sep,7,24.7
2014,Oct,7,4.1
2014,Nov,7,0.8
2014,Dec,7,44
2014,Jan,8,23.2
2014,Feb,8,12.2
2014,Mar,8,9.6
2014,Apr,8,0
2014,May,8,6.6
2014,Jun,8,4.6
2014,Jul,8,15.8
2014,Aug,8,1.8
2014,Sep,8,60.7
2014,Oct,8,7.2
2014,Nov,8,0.4
2014,Dec,8,6.8
2014,Jan,9,48.6
2014,Feb,9,19.4
2014,Mar,9,37.4
2014,Apr,9,3
2014,May,9,0.4
2014,Jun,9,3.6
2014,Jul,9,115
2014,Aug,9,0
2014,Sep,9,45.8
2014,Oct,9,17.4
2014,Nov,9,70.8
2014,Dec,9,72.6
2014,Jan,10,1.8
2014,Feb,10,6.8
2014,Mar,10,0
2014,Apr,10,2.2
2014,May,10,5.6
2014,Jun,10,23
2014,Jul,10,23
2014,Aug,10,25.4
2014,Sep,10,5.2
2014,Oct,10,8.4
2014,Nov,10,20
2014,Dec,10,14.8
2014,Jan,11,0.6
2014,Feb,11,1.2
2014,Mar,11,44.4
2014,Apr,11,10.2
2014,May,11,43
2014,Jun,11,1.2
2014,Jul,11,3
2014,Aug,11,27.8
2014,Sep,11,0.2
2014,Oct,11,0.8
2014,Nov,11,0.2
2014,Dec,11,17.2
2014,Jan,12,2.4
2014,Feb,12,0.4
2014,Mar,12,0.1
2014,Apr,12,31
2014,May,12,7.6
2014,Jun,12,26.4
2014,Jul,12,43.8
2014,Aug,12,0
2014,Sep,12,61
2014,Oct,12,3.6
2014,Nov,12,1.4
2014,Dec,12,55.4
2014,Jan,13,4.2
2014,Feb,13,20
2014,Mar,13,19.8
2014,Apr,13,13.8
2014,May,13,0
2014,Jun,13,43.4
2014,Jul,13,3.8
2014,Aug,13,2.2
2014,Sep,13,52
2014,Oct,13,3.2
2014,Nov,13,36.4
2014,Dec,13,7
2014,Jan,14,23.8
2014,Feb,14,106.6
2014,Mar,14,0
2014,Apr,14,11.6
2014,May,14,0.4
2014,Jun,14,105.6
2014,Jul,14,0
2014,Aug,14,12
2014,Sep,14,0.2
2014,Oct,14,19.4
2014,Nov,14,3
2014,Dec,14,0.4
2014,Jan,15,2.2
2014,Feb,15,2.8
2014,Mar,15,0
2014,Apr,15,0
2014,May,15,1.4
2014,Jun,15,106.8
2014,Jul,15,0
2014,Aug,15,0.8
2014,Sep,15,14
2014,Oct,15,0.2
2014,Nov,15,0
2014,Dec,15,0.4
2014,Jan,16,35.8
2014,Feb,16,0.2
2014,Mar,16,2.1
2014,Apr,16,0
2014,May,16,2.2
2014,Jun,16,23.8
2014,Jul,16,5
2014,Aug,16,0
2014,Sep,16,15.4
2014,Oct,16,4.6
2014,Nov,16,4.8
2014,Dec,16,13
2014,Jan,17,37.2
2014,Feb,17,0.6
2014,Mar,17,1.2
2014,Apr,17,13.8
2014,May,17,0
2014,Jun,17,33.8
2014,Jul,17,61.8
2014,Aug,17,0
2014,Sep,17,40
2014,Oct,17,22.2
2014,Nov,17,24.6
2014,Dec,17,38.8
2014,Jan,18,32.8
2014,Feb,18,0
2014,Mar,18,44.8
2014,Apr,18,0.2
2014,May,18,7.3
2014,Jun,18,17
2014,Jul,18,5.4
2014,Aug,18,0
2014,Sep,18,3.6
2014,Oct,18,11.2
2014,Nov,18,22.2
2014,Dec,18,11.6
2014,Jan,19,32.6
2014,Feb,19,2.2
2014,Mar,19,0
2014,Apr,19,0
2014,May,19,2
2014,Jun,19,5
2014,Jul,19,0
2014,Aug,19,6.8
2014,Sep,19,21
2014,Oct,19,8.6
2014,Nov,19,35.8
2014,Dec,19,34.2
2014,Jan,20,2.8
2014,Feb,20,14.6
2014,Mar,20,0
2014,Apr,20,0.8
2014,May,20,0
2014,Jun,20,3.8
2014,Jul,20,18.6
2014,Aug,20,29.4
2014,Sep,20,13.6
2014,Oct,20,0.2
2014,Nov,20,6.8
2014,Dec,20,5.8
2014,Jan,21,89.4
2014,Feb,21,9.6
2014,Mar,21,21.8
2014,Apr,21,0.8
2014,May,21,3.6
2014,Jun,21,126.8
2014,Jul,21,37.4
2014,Aug,21,21.4
2014,Sep,21,16.6
2014,Oct,21,24.4
2014,Nov,21,17
2014,Dec,21,37.6
2014,Jan,22,221.6
2014,Feb,22,34.6
2014,Mar,22,23.8
2014,Apr,22,0
2014,May,22,4.8
2014,Jun,22,0
2014,Jul,22,38.4
2014,Aug,22,60.8
2014,Sep,22,6.4
2014,Oct,22,12.8
2014,Nov,22,110
2014,Dec,22,51.8
2014,Jan,23,19
2014,Feb,23,2.8
2014,Mar,23,10.6
2014,Apr,23,45
2014,May,23,97.2
2014,Jun,23,15.6
2014,Jul,23,8.8
2014,Aug,23,12.2
2014,Sep,23,6.8
2014,Oct,23,0.4
2014,Nov,23,0.2
2014,Dec,23,0.4
2014,Jan,24,2.4
2014,Feb,24,30.2
2014,Mar,24,2
2014,Apr,24,7.6
2014,May,24,12.6
2014,Jun,24,16
2014,Jul,24,0.8
2014,Aug,24,5.6
2014,Sep,24,29.6
2014,Oct,24,3.8
2014,Nov,24,0
2014,Dec,24,0.4
2014,Jan,25,1.8
2014,Feb,25,102.4
2014,Mar,25,47.2
2014,Apr,25,1.2
2014,May,25,3.2
2014,Jun,25,1.6
2014,Jul,25,12
2014,Aug,25,2.6
2014,Sep,25,10.2
2014,Oct,25,7.2
2014,Nov,25,9.2
2014,Dec,25,5.4
2014,Jan,26,2.2
2014,Feb,26,64.8
2014,Mar,26,13.5
2014,Apr,26,119
2014,May,26,11.2
2014,Jun,26,7.4
2014,Jul,26,129.6
2014,Aug,26,32
2014,Sep,26,3.6
2014,Oct,26,42.8
2014,Nov,26,10.4
2014,Dec,26,0.2
2014,Jan,27,5.2
2014,Feb,27,5.6
2014,Mar,27,4.8
2014,Apr,27,17
2014,May,27,2.2
2014,Jun,27,8.4
2014,Jul,27,47.4
2014,Aug,27,1.8
2014,Sep,27,0.4
2014,Oct,27,112.6
2014,Nov,27,39.8
2014,Dec,27,2.2
2014,Jan,28,10.2
2014,Feb,28,9.2
2014,Mar,28,11.6
2014,Apr,28,43.6
2014,May,28,0.6
2014,Jun,28,5.8
2014,Jul,28,50.8
2014,Aug,28,1.4
2014,Sep,28,12.6
2014,Oct,28,1.2
2014,Nov,28,11.6
2014,Dec,28,22.6
2014,Jan,29,5.2
2014,Mar,29,23.2
2014,Apr,29,0.2
2014,May,29,3.6
2014,Jun,29,19
2014,Jul,29,0
2014,Aug,29,0.2
2014,Sep,29,8
2014,Oct,29,0.2
2014,Nov,29,5.6
2014,Dec,29,88.8
2014,Jan,30,2
2014,Mar,30,6.8
2014,Apr,30,0.2
2014,May,30,1
2014,Jun,30,14.6
2014,Jul,30,0
2014,Aug,30,0.2
2014,Sep,30,74
2014,Oct,30,0.8
2014,Nov,30,56.6
2014,Dec,30,50.4
2014,Jan,31,0.4
2014,Mar,31,4
2014,May,31,28
2014,Aug,31,0.2
2014,Oct,31,21.6
2014,Dec,31,0.6
2015,Jan,1,0.2
2015,Feb,1,17.4
2015,Mar,1,9.6
2015,Apr,1,32.8
2015,May,1,12
2015,Jun,1,1.8
2015,Jul,1,0
2015,Aug,1,3
2015,Sep,1,0.8
2015,Oct,1,18.2
2015,Nov,1,2
2015,Dec,1,0
2015,Jan,2,1.6
2015,Feb,2,38.4
2015,Mar,2,5.2
2015,Apr,2,102.6
2015,May,2,34.6
2015,Jun,2,0
2015,Jul,2,69.6
2015,Aug,2,0
2015,Sep,2,6.1
2015,Oct,2,4
2015,Nov,2,48.8
2015,Dec,2,11.6
2015,Jan,3,3.2
2015,Feb,3,15.2
2015,Mar,3,8.6
2015,Apr,3,0.2
2015,May,3,6.4
2015,Jun,3,0
2015,Jul,3,42.4
2015,Aug,3,24
2015,Sep,3,0.3
2015,Oct,3,0.2
2015,Nov,3,2.2
2015,Dec,3,25.4
2015,Jan,4,0
2015,Feb,4,19.6
2015,Mar,4,24.4
2015,Apr,4,6.8
2015,May,4,3.2
2015,Jun,4,0
2015,Jul,4,67.4
2015,Aug,4,17.4
2015,Sep,4,6.3
2015,Oct,4,0.8
2015,Nov,4,36.4
2015,Dec,4,15.8
2015,Jan,5,0
2015,Feb,5,2.4
2015,Mar,5,17.4
2015,Apr,5,9.2
2015,May,5,3.4
2015,Jun,5,0.2
2015,Jul,5,2.2
2015,Aug,5,69
2015,Sep,5,18
2015,Oct,5,41.8
2015,Nov,5,4.2
2015,Dec,5,8.4
2015,Jan,6,2
2015,Feb,6,0.2
2015,Mar,6,16.4
2015,Apr,6,56
2015,May,6,4.4
2015,Jun,6,0
2015,Jul,6,28.2
2015,Aug,6,0.2
2015,Sep,6,1
2015,Oct,6,1.6
2015,Nov,6,7.6
2015,Dec,6,39.8
2015,Jan,7,4.8
2015,Feb,7,0
2015,Mar,7,0.2
2015,Apr,7,2
2015,May,7,19.2
2015,Jun,7,0.6
2015,Jul,7,1.6
2015,Aug,7,2
2015,Sep,7,0.8
2015,Oct,7,7.8
2015,Nov,7,0.4
2015,Dec,7,9.8
2015,Jan,8,29.4
2015,Feb,8,0
2015,Mar,8,9
2015,Apr,8,2
2015,May,8,0.2
2015,Jun,8,4.4
2015,Jul,8,52.6
2015,Aug,8,2.2
2015,Sep,8,6
2015,Oct,8,45.6
2015,Nov,8,2.4
2015,Dec,8,77.4
2015,Jan,9,81.4
2015,Feb,9,3.8
2015,Mar,9,22.6
2015,Apr,9,17
2015,May,9,0
2015,Jun,9,39.4
2015,Jul,9,0
2015,Aug,9,2.6
2015,Sep,9,7.6
2015,Oct,9,1.4
2015,Nov,9,33.8
2015,Dec,9,0
2015,Jan,10,28.2
2015,Feb,10,7.2
2015,Mar,10,2.4
2015,Apr,10,78.2
2015,May,10,8.6
2015,Jun,10,73.4
2015,Jul,10,0
2015,Aug,10,1.8
2015,Sep,10,0.2
2015,Oct,10,0.8
2015,Nov,10,8.6
2015,Dec,10,0
2015,Jan,11,7.6
2015,Feb,11,1.8
2015,Mar,11,50
2015,Apr,11,0.4
2015,May,11,0.2
2015,Jun,11,4.4
2015,Jul,11,42.2
2015,Aug,11,44.4
2015,Sep,11,25.2
2015,Oct,11,15.6
2015,Nov,11,0
2015,Dec,11,0
2015,Jan,12,2.8
2015,Feb,12,3.6
2015,Mar,12,34.8
2015,Apr,12,23.8
2015,May,12,1.6
2015,Jun,12,11
2015,Jul,12,0
2015,Aug,12,0.4
2015,Sep,12,6.2
2015,Oct,12,0
2015,Nov,12,32
2015,Dec,12,0
2015,Jan,13,2.6
2015,Feb,13,9
2015,Mar,13,35.8
2015,Apr,13,2
2015,May,13,36.4
2015,Jun,13,2
2015,Jul,13,0.4
2015,Aug,13,12.2
2015,Sep,13,0
2015,Oct,13,0.6
2015,Nov,13,6.4
2015,Dec,13,0
2015,Jan,14,10.6
2015,Feb,14,4.2
2015,Mar,14,13
2015,Apr,14,4.2
2015,May,14,0.2
2015,Jun,14,10.4
2015,Jul,14,1.2
2015,Aug,14,8.6
2015,Sep,14,67.2
2015,Oct,14,1.4
2015,Nov,14,0.8
2015,Dec,14,0
2015,Jan,15,66.6
2015,Feb,15,4.8
2015,Mar,15,15
2015,Apr,15,5.4
2015,May,15,27.4
2015,Jun,15,39.6
2015,Jul,15,0
2015,Aug,15,47.4
2015,Sep,15,32.4
2015,Oct,15,23.6
2015,Nov,15,0
2015,Dec,15,15.2
2015,Jan,16,2.4
2015,Feb,16,17
2015,Mar,16,14.2
2015,Apr,16,0.8
2015,May,16,0.2
2015,Jun,16,24.4
2015,Jul,16,41.2
2015,Aug,16,55.6
2015,Sep,16,3
2015,Oct,16,0.2
2015,Nov,16,0
2015,Dec,16,0.4
2015,Jan,17,0
2015,Feb,17,22.6
2015,Mar,17,5
2015,Apr,17,0.6
2015,May,17,1
2015,Jun,17,24
2015,Jul,17,5.8
2015,Aug,17,0
2015,Sep,17,0
2015,Oct,17,7.2
2015,Nov,17,0.6
2015,Dec,17,0
2015,Jan,18,0
2015,Feb,18,0
2015,Mar,18,15.8
2015,Apr,18,0
2015,May,18,33.8
2015,Jun,18,53.2
2015,Jul,18,0
2015,Aug,18,23.2
2015,Sep,18,3.6
2015,Oct,18,23.9
2015,Nov,18,2.2
2015,Dec,18,0
2015,Jan,19,0
2015,Feb,19,1.4
2015,Mar,19,10.4
2015,Apr,19,163.6
2015,May,19,9.6
2015,Jun,19,48.8
2015,Jul,19,48.4
2015,Aug,19,94.6
2015,Sep,19,0
2015,Oct,19,5.4
2015,Nov,19,9.4
2015,Dec,19,0
2015,Jan,20,0.6
2015,Feb,20,11.8
2015,Mar,20,47.4
2015,Apr,20,11.8
2015,May,20,9.6
2015,Jun,20,1.8
2015,Jul,20,0.4
2015,Aug,20,3
2015,Sep,20,0
2015,Oct,20,18
2015,Nov,20,8
2015,Dec,20,30.6
2015,Jan,21,0
2015,Feb,21,1.2
2015,Mar,21,0.4
2015,Apr,21,17
2015,May,21,0
2015,Jun,21,7.2
2015,Jul,21,7.8
2015,Aug,21,2.6
2015,Sep,21,0
2015,Oct,21,41
2015,Nov,21,0.6
2015,Dec,21,15
2015,Jan,22,0
2015,Feb,22,28.4
2015,Mar,22,0.8
2015,Apr,22,48.2
2015,May,22,0.4
2015,Jun,22,15.2
2015,Jul,22,17.8
2015,Aug,22,0
2015,Sep,22,0
2015,Oct,22,7
2015,Nov,22,11.8
2015,Dec,22,53.2
2015,Jan,23,0
2015,Feb,23,56
2015,Mar,23,0
2015,Apr,23,25.6
2015,May,23,0.4
2015,Jun,23,15.6
2015,Jul,23,97.8
2015,Aug,23,2.4
2015,Sep,23,1.8
2015,Oct,23,0.2
2015,Nov,23,3.2
2015,Dec,23,0.6
2015,Jan,24,12.4
2015,Feb,24,17.4
2015,Mar,24,2
2015,Apr,24,0.2
2015,May,24,26.6
2015,Jun,24,21.4
2015,Jul,24,2.6
2015,Aug,24,0
2015,Sep,24,0
2015,Oct,24,1.4
2015,Nov,24,0
2015,Dec,24,1.6
2015,Jan,25,13.6
2015,Feb,25,0.2
2015,Mar,25,2.2
2015,Apr,25,1.6
2015,May,25,27.6
2015,Jun,25,1
2015,Jul,25,17
2015,Aug,25,2
2015,Sep,25,1.4
2015,Oct,25,45.1
2015,Nov,25,0
2015,Dec,25,34.6
2015,Jan,26,6.8
2015,Feb,26,1.6
2015,Mar,26,67.8
2015,Apr,26,17.7
2015,May,26,83.2
2015,Jun,26,5.2
2015,Jul,26,25.4
2015,Aug,26,0
2015,Sep,26,0
2015,Oct,26,1.2
2015,Nov,26,1
2015,Dec,26,0
2015,Jan,27,1.2
2015,Feb,27,10.6
2015,Mar,27,1
2015,Apr,27,1.6
2015,May,27,0.4
2015,Jun,27,25.2
2015,Jul,27,0
2015,Aug,27,3.4
2015,Sep,27,0
2015,Oct,27,0
2015,Nov,27,1
2015,Dec,27,0
2015,Jan,28,0
2015,Feb,28,5.2
2015,Mar,28,0
2015,Apr,28,50.8
2015,May,28,0.6
2015,Jun,28,35.2
2015,Jul,28,0
2015,Aug,28,3.8
2015,Sep,28,6.5
2015,Oct,28,13.6
2015,Nov,28,7.5
2015,Dec,28,3.7
2015,Jan,29,0
2015,Mar,29,9
2015,Apr,29,2.6
2015,May,29,0.6
2015,Jun,29,9.8
2015,Jul,29,0
2015,Aug,29,0.8
2015,Sep,29,1.8
2015,Oct,29,8.2
2015,Nov,29,22.8
2015,Dec,29,73.4
2015,Jan,30,36.4
2015,Mar,30,0.1
2015,Apr,30,3.4
2015,May,30,0
2015,Jun,30,53.8
2015,Jul,30,3.4
2015,Aug,30,8.5
2015,Sep,30,1.6
2015,Oct,30,0
2015,Nov,30,0
2015,Dec,30,45
2015,Jan,31,26.4
2015,Mar,31,0
2015,May,31,6.4
2015,Jun,31,0
2015,Jul,31,0
2015,Aug,31,0
2015,Oct,31,3.4
2015,Dec,31,58.2
2016,Jan,1,69.8
2016,Feb,1,2
2016,Mar,1,11.6
2016,Apr,1,23
2016,May,1,0.6
2016,Jun,1,0
2016,Jul,1,0
2016,Aug,1,0
2016,Sep,1,1.3
2016,Oct,1,0
2016,Nov,1,0
2016,Dec,1,10
2016,Jan,2,0
2016,Feb,2,1.4
2016,Mar,2,1.4
2016,Apr,2,0
2016,May,2,19.1
2016,Jun,2,2
2016,Jul,2,0
2016,Aug,2,0.6
2016,Sep,2,0
2016,Oct,2,2.5
2016,Nov,2,0
2016,Dec,2,0.2
2016,Jan,3,11.2
2016,Feb,3,0
2016,Mar,3,1.4
2016,Apr,3,0
2016,May,3,13
2016,Jun,3,19.8
2016,Jul,3,46.2
2016,Aug,3,10.4
2016,Sep,3,0
2016,Oct,3,2.2
2016,Nov,3,0
2016,Dec,3,0.4
2016,Jan,4,133
2016,Feb,4,0
2016,Mar,4,0.4
2016,Apr,4,2.4
2016,May,4,0
2016,Jun,4,14.6
2016,Jul,4,0
2016,Aug,4,19.4
2016,Sep,4,0
2016,Oct,4,17.5
2016,Nov,4,5.9
2016,Dec,4,0
2016,Jan,5,44
2016,Feb,5,6.6
2016,Mar,5,0
2016,Apr,5,0
2016,May,5,8.8
2016,Jun,5,0
2016,Jul,5,0
2016,Aug,5,10.8
2016,Sep,5,0
2016,Oct,5,2.2
2016,Nov,5,1.4
2016,Dec,5,0
2016,Jan,6,106.2
2016,Feb,6,0
2016,Mar,6,0
2016,Apr,6,0
2016,May,6,2.2
2016,Jun,6,0
2016,Jul,6,3.4
2016,Aug,6,1.4
2016,Sep,6,0
2016,Oct,6,0
2016,Nov,6,21.8
2016,Dec,6,0
2016,Jan,7,2
2016,Feb,7,0
2016,Mar,7,0
2016,Apr,7,1.6
2016,May,7,0
2016,Jun,7,9.2
2016,Jul,7,15.8
2016,Aug,7,0
2016,Sep,7,0
2016,Oct,7,0
2016,Nov,7,0
2016,Dec,7,0
2016,Jan,8,2.6
2016,Feb,8,0
2016,Mar,8,0.6
2016,Apr,8,0
2016,May,8,0
2016,Jun,8,15.6
2016,Jul,8,0
2016,Aug,8,1.8
2016,Sep,8,0
2016,Oct,8,0
2016,Nov,8,9.9
2016,Dec,8,2.6
2016,Jan,9,1.4
2016,Feb,9,1.2
2016,Mar,9,0.5
2016,Apr,9,0
2016,May,9,26
2016,Jun,9,1.2
2016,Jul,9,0
2016,Aug,9,0
2016,Sep,9,0.3
2016,Oct,9,0
2016,Nov,9,37.6
2016,Dec,9,1.6
2016,Jan,10,0
2016,Feb,10,21.2
2016,Mar,10,0.7
2016,Apr,10,0
2016,May,10,7.1
2016,Jun,10,8.4
2016,Jul,10,0
2016,Aug,10,0.4
2016,Sep,10,0
2016,Oct,10,0
2016,Nov,10,0.4
2016,Dec,10,0
2016,Jan,11,0
2016,Feb,11,57
2016,Mar,11,0.9
2016,Apr,11,0
2016,May,11,16.6
2016,Jun,11,28.2
2016,Jul,11,0
2016,Aug,11,12.8
2016,Sep,11,0
2016,Oct,11,0
2016,Nov,11,0
2016,Dec,11,3
2016,Jan,12,0
2016,Feb,12,0
2016,Mar,12,0
2016,Apr,12,0
2016,May,12,0
2016,Jun,12,1.2
2016,Jul,12,0
2016,Aug,12,12.2
2016,Sep,12,3
2016,Oct,12,0
2016,Nov,12,1.2
2016,Dec,12,0
2016,Jan,13,0
2016,Feb,13,0
2016,Mar,13,0
2016,Apr,13,0
2016,May,13,14
2016,Jun,13,0
2016,Jul,13,0
2016,Aug,13,12.6
2016,Sep,13,1.5
2016,Oct,13,4.3
2016,Nov,13,1.2
2016,Dec,13,1
2016,Jan,14,0.6
2016,Feb,14,0
2016,Mar,14,3.6
2016,Apr,14,1
2016,May,14,14.2
2016,Jun,14,11.8
2016,Jul,14,5.4
2016,Aug,14,0
2016,Sep,14,0
2016,Oct,14,0.8
2016,Nov,14,35.6
2016,Dec,14,17.2
2016,Jan,15,0
2016,Feb,15,0
2016,Mar,15,3
2016,Apr,15,30.8
2016,May,15,28
2016,Jun,15,4
2016,Jul,15,3
2016,Aug,15,11.4
2016,Sep,15,1
2016,Oct,15,0.4
2016,Nov,15,2.4
2016,Dec,15,2.3
2016,Jan,16,0
2016,Feb,16,0
2016,Mar,16,11.3
2016,Apr,16,35.8
2016,May,16,20
2016,Jun,16,39.2
2016,Jul,16,6.6
2016,Aug,16,12.4
2016,Sep,16,12.1
2016,Oct,16,14
2016,Nov,16,21.5
2016,Dec,16,4.2
2016,Jan,17,2
2016,Feb,17,0
2016,Mar,17,3.4
2016,Apr,17,35.4
2016,May,17,2.8
2016,Jun,17,6
2016,Jul,17,0
2016,Aug,17,4.2
2016,Sep,17,11.6
2016,Oct,17,0
2016,Nov,17,14.6
2016,Dec,17,31
2016,Jan,18,1.6
2016,Feb,18,0.6
2016,Mar,18,0.9
2016,Apr,18,3.4
2016,May,18,5.6
2016,Jun,18,4.8
2016,Jul,18,15.8
2016,Aug,18,1.6
2016,Sep,18,0
2016,Oct,18,0
2016,Nov,18,0
2016,Dec,18,0
2016,Jan,19,0
2016,Feb,19,0
2016,Mar,19,1
2016,Apr,19,11.2
2016,May,19,0.4
2016,Jun,19,25.4
2016,Jul,19,8.2
2016,Aug,19,0
2016,Sep,19,0
2016,Oct,19,0.4
2016,Nov,19,0
2016,Dec,19,0
2016,Jan,20,4.8
2016,Feb,20,0
2016,Mar,20,1.8
2016,Apr,20,1.8
2016,May,20,12
2016,Jun,20,2
2016,Jul,20,0
2016,Aug,20,0
2016,Sep,20,0
2016,Oct,20,11
2016,Nov,20,1.2
2016,Dec,20,5.2
2016,Jan,21,17
2016,Feb,21,30.4
2016,Mar,21,9
2016,Apr,21,2.8
2016,May,21,0.8
2016,Jun,21,0
2016,Jul,21,0
2016,Aug,21,0
2016,Sep,21,0
2016,Oct,21,0
2016,Nov,21,0
2016,Dec,21,44.6
2016,Jan,22,0
2016,Feb,22,47
2016,Mar,22,0
2016,Apr,22,2.8
2016,May,22,0.8
2016,Jun,22,2.8
2016,Jul,22,10.4
2016,Aug,22,0
2016,Sep,22,0
2016,Oct,22,0
2016,Nov,22,0
2016,Dec,22,1.6
2016,Jan,23,1.2
2016,Feb,23,125.4
2016,Mar,23,3
2016,Apr,23,1.8
2016,May,23,44.8
2016,Jun,23,32.8
2016,Jul,23,7.2
2016,Aug,23,0
2016,Sep,23,0
2016,Oct,23,0
2016,Nov,23,0
2016,Dec,23,0
2016,Jan,24,0
2016,Feb,24,0
2016,Mar,24,10
2016,Apr,24,4.2
2016,May,24,0
2016,Jun,24,3.2
2016,Jul,24,0
2016,Aug,24,0
2016,Sep,24,27.4
2016,Oct,24,0
2016,Nov,24,30.4
2016,Dec,24,1.6
2016,Jan,25,0
2016,Feb,25,12.6
2016,Mar,25,36.2
2016,Apr,25,0.4
2016,May,25,0.8
2016,Jun,25,28.4
2016,Jul,25,0
2016,Aug,25,3.8
2016,Sep,25,2
2016,Oct,25,0
2016,Nov,25,8.2
2016,Dec,25,32.6
2016,Jan,26,0
2016,Feb,26,0
2016,Mar,26,52
2016,Apr,26,8.8
2016,May,26,8.4
2016,Jun,26,3.2
2016,Jul,26,0.4
2016,Aug,26,0
2016,Sep,26,0
2016,Oct,26,1.8
2016,Nov,26,0
2016,Dec,26,63.8
2016,Jan,27,1.2
2016,Feb,27,0
2016,Mar,27,0.4
2016,Apr,27,0.6
2016,May,27,1
2016,Jun,27,9.2
2016,Jul,27,8.6
2016,Aug,27,0
2016,Sep,27,9.1
2016,Oct,27,14.4
2016,Nov,27,0
2016,Dec,27,19.8
2016,Jan,28,0
2016,Feb,28,6
2016,Mar,28,6.5
2016,Apr,28,2.2
2016,May,28,3.4
2016,Jun,28,131.8
2016,Jul,28,0
2016,Aug,28,0
2016,Sep,28,3.3
2016,Oct,28,2.8
2016,Nov,28,10.8
2016,Dec,28,8
2016,Jan,29,0.6
2016,Feb,29,3.2
2016,Mar,29,0
2016,Apr,29,10.6
2016,May,29,6.8
2016,Jun,29,14.8
2016,Jul,29,2.8
2016,Aug,29,0
2016,Sep,29,0
2016,Oct,29,0
2016,Nov,29,16
2016,Dec,29,47.6
2016,Jan,30,2
2016,Mar,30,14.4
2016,Apr,30,2.6
2016,May,30,1.2
2016,Jun,30,0
2016,Jul,30,0
2016,Aug,30,0
2016,Sep,30,2.3
2016,Oct,30,0.4
2016,Nov,30,0
2016,Dec,30,16.2
2016,Jan,31,0
2016,Mar,31,16.2
2016,May,31,0.8
2016,Jun,31,0
2016,Jul,31,15.2
2016,Aug,31,0.4
2016,Sep,31,0
2016,Oct,31,24
2016,Nov,31,0
2016,Dec,31,25.4
2017,Jan,1,0
2017,Mar,1,3.2
2017,Apr,1,0.9
2017,May,1,0
2017,Jun,1,45.6
2017,Jul,1,1
2017,Aug,1,24.4
2017,Sep,1,11.2
2017,Oct,1,0
2017,Feb,1,1
2017,Jan,2,0
2017,Mar,2,0
2017,Apr,2,1
2017,May,2,0.4
2017,Jun,2,30.4
2017,Jul,2,0
2017,Aug,2,1.6
2017,Sep,2,0.9
2017,Oct,2,0
2017,Feb,2,2.8
2017,Jan,3,0
2017,Mar,3,0
2017,Apr,3,0.2
2017,May,3,7.6
2017,Jun,3,10.8
2017,Jul,3,4.2
2017,Aug,3,0
2017,Sep,3,6.8
2017,Oct,3,0
2017,Feb,3,0.6
2017,Jan,4,42.8
2017,Mar,4,0
2017,Apr,4,0.5
2017,May,4,1.8
2017,Jun,4,11
2017,Jul,4,0.6
2017,Aug,4,0
2017,Sep,4,6
2017,Oct,4,0
2017,Feb,4,1.2
2017,Jan,5,4.6
2017,Mar,5,9
2017,Apr,5,1.1
2017,May,5,0.4
2017,Jun,5,62
2017,Jul,5,23.4
2017,Aug,5,35.2
2017,Sep,5,0
2017,Oct,5,2.4
2017,Feb,5,30.6
2017,Jan,6,0.6
2017,Mar,6,5
2017,Apr,6,0.5
2017,May,6,0
2017,Jun,6,1.6
2017,Jul,6,6.2
2017,Aug,6,13.2
2017,Sep,6,96
2017,Oct,6,22.6
2017,Feb,6,3.6
2017,Jan,7,18.2
2017,Mar,7,6.6
2017,Apr,7,0
2017,May,7,16
2017,Jun,7,3.2
2017,Jul,7,12.4
2017,Aug,7,2
2017,Sep,7,6.4
2017,Oct,7,0.6
2017,Feb,7,4.2
2017,Jan,8,12
2017,Mar,8,102
2017,Apr,8,0
2017,May,8,19
2017,Jun,8,9.4
2017,Jul,8,3
2017,Aug,8,11.2
2017,Sep,8,12
2017,Oct,8,0
2017,Feb,8,27
2017,Jan,9,0
2017,Mar,9,18.2
2017,Apr,9,0
2017,May,9,0.4
2017,Jun,9,0
2017,Jul,9,0
2017,Aug,9,0
2017,Sep,9,12.6
2017,Oct,9,1.8
2017,Feb,9,2.6
2017,Jan,10,14.6
2017,Mar,10,0
2017,Apr,10,51
2017,May,10,5.2
2017,Jun,10,12.6
2017,Jul,10,1.4
2017,Aug,10,0
2017,Sep,10,16.4
2017,Oct,10,7
2017,Feb,10,8
2017,Jan,11,28
2017,Mar,11,0.6
2017,Apr,11,0.9
2017,May,11,0
2017,Jun,11,0
2017,Jul,11,19.2
2017,Aug,11,0
2017,Sep,11,0.8
2017,Oct,11,1
2017,Feb,11,0
2017,Jan,12,4
2017,Mar,12,2.2
2017,Apr,12,0.3
2017,May,12,0
2017,Jun,12,7.2
2017,Jul,12,9
2017,Aug,12,0
2017,Sep,12,0.6
2017,Oct,12,1.8
2017,Feb,12,0
2017,Jan,13,44.4
2017,Mar,13,0
2017,Apr,13,1
2017,May,13,0
2017,Jun,13,0.6
2017,Jul,13,33.6
2017,Aug,13,12.6
2017,Sep,13,0.3
2017,Oct,13,4.8
2017,Feb,13,0
2017,Jan,14,10.4
2017,Mar,14,1.8
2017,Apr,14,0
2017,May,14,20.5
2017,Jun,14,9.8
2017,Jul,14,32.8
2017,Aug,14,7.6
2017,Sep,14,0
2017,Oct,14,7.8
2017,Feb,14,0
2017,Jan,15,22.2
2017,Mar,15,0.3
2017,Apr,15,1.9
2017,May,15,10.8
2017,Jun,15,0
2017,Jul,15,0
2017,Aug,15,0.6
2017,Sep,15,22.8
2017,Oct,15,0
2017,Feb,15,0
2017,Jan,16,7.6
2017,Mar,16,0
2017,Apr,16,26
2017,May,16,1.6
2017,Jun,16,4.4
2017,Jul,16,9.8
2017,Aug,16,0
2017,Sep,16,0
2017,Oct,16,0.2
2017,Feb,16,0
2017,Jan,17,17.8
2017,Mar,17,0
2017,Apr,17,15.2
2017,May,17,0
2017,Jun,17,2
2017,Jul,17,8.2
2017,Aug,17,0
2017,Sep,17,6.1
2017,Oct,17,0
2017,Feb,17,0
2017,Jan,18,20.4
2017,Mar,18,9.2
2017,Apr,18,5.4
2017,May,18,23.6
2017,Jun,18,1.4
2017,Jul,18,51.8
2017,Aug,18,0
2017,Sep,18,19.4
2017,Oct,18,0.6
2017,Feb,18,0
2017,Jan,19,30.2
2017,Mar,19,2.4
2017,Apr,19,21.3
2017,May,19,37.3
2017,Jun,19,14.6
2017,Jul,19,23.4
2017,Aug,19,0
2017,Sep,19,0.3
2017,Oct,19,0
2017,Feb,19,3
2017,Jan,20,28.4
2017,Mar,20,19.2
2017,Apr,20,0.8
2017,May,20,1.6
2017,Jun,20,5.6
2017,Jul,20,2.2
2017,Aug,20,0
2017,Sep,20,0
2017,Oct,20,0
2017,Feb,20,4
2017,Jan,21,18
2017,Mar,21,7.5
2017,Apr,21,30.5
2017,May,21,0
2017,Jun,21,1
2017,Jul,21,15
2017,Aug,21,0
2017,Sep,21,0
2017,Oct,21,0
2017,Feb,21,0.4
2017,Jan,22,37.6
2017,Mar,22,0
2017,Apr,22,11.8
2017,May,22,5.8
2017,Jun,22,0
2017,Jul,22,37.8
2017,Aug,22,0
2017,Sep,22,0
2017,Oct,22,0
2017,Feb,22,6.4
2017,Jan,23,55.6
2017,Mar,23,10
2017,Apr,23,0
2017,May,23,2
2017,Jun,23,0
2017,Jul,23,14.6
2017,Aug,23,3.2
2017,Sep,23,0
2017,Oct,23,0
2017,Feb,23,21.4
2017,Jan,24,15.6
2017,Mar,24,4.8
2017,Apr,24,0
2017,May,24,3
2017,Jun,24,9.2
2017,Jul,24,19.6
2017,Aug,24,5.8
2017,Sep,24,0
2017,Oct,24,0
2017,Feb,24,17.6
2017,Jan,25,8.4
2017,Mar,25,0.9
2017,Apr,25,0
2017,May,25,12.3
2017,Jun,25,6.6
2017,Jul,25,19.8
2017,Aug,25,0
2017,Sep,25,0
2017,Oct,25,0
2017,Feb,25,0
2017,Jan,26,10.6
2017,Mar,26,0
2017,Apr,26,18.7
2017,May,26,6.4
2017,Jun,26,39
2017,Jul,26,50
2017,Aug,26,0
2017,Sep,26,2.3
2017,Oct,26,0
2017,Feb,26,0
2017,Jan,27,2
2017,Mar,27,0.6
2017,Apr,27,4.1
2017,May,27,4
2017,Jun,27,1
2017,Jul,27,0
2017,Aug,27,0
2017,Sep,27,3.4
2017,Oct,27,0.6
2017,Feb,27,0
2017,Jan,28,0
2017,Mar,28,14
2017,Apr,28,1.5
2017,May,28,4.8
2017,Jun,28,7
2017,Jul,28,40.6
2017,Aug,28,4.6
2017,Sep,28,3.8
2017,Oct,28,0
2017,Feb,28,0
2017,Jan,29,0
2017,Mar,29,2.5
2017,Apr,29,0
2017,May,29,6.5
2017,Jun,29,41.2
2017,Jul,29,2
2017,Aug,29,7.4
2017,Sep,29,67.4
2017,Oct,29,0
2017,Feb,29,0
2017,Jan,30,0
2017,Mar,30,0.2
2017,Apr,30,1.7
2017,May,30,12.2
2017,Jun,30,28.8
2017,Jul,30,0
2017,Aug,30,0
2017,Sep,30,0
2017,Oct,30,0
2017,Feb,30,0
2017,Jan,31,18
2017,Mar,31,0
2017,Apr,31,0
2017,May,31,16.2
2017,Jun,31,0
2017,Jul,31,25.6
2017,Aug,31,8
2017,Oct,31,0
2017,Feb,31,0
